latitude,longitude,hour,crime_type,risk_score,risk_label
25.157454011884738,75.86981617140198,14,Harassment,0.6203463559162525,Risky
25.21507143064099,75.85360963663442,11,Assault,0.560750688150459,Risky
25.19319939418114,75.83095276162864,15,Harassment,0.5987352449299687,Risky
25.179865848419702,75.8813795019707,23,Safe,0.0,Safe
25.135601864044244,75.86847311725539,18,Theft,0.9434624501046347,Risky
25.13559945203362,75.81626169393449,7,Safe,0.0,Safe
25.12580836121682,75.89109271844939,20,Harassment,0.822905406327603,Risky
25.206617614577493,75.88225372429233,16,Harassment,0.64295339461958,Risky
25.18011150117432,75.8949799913292,22,Safe,0.0,Safe
25.190807257779603,75.87257195083883,4,Harassment,0.9079734694843087,Risky
25.12205844942958,75.86134151959358,21,Safe,0.0,Safe
25.2169909852162,75.84182430362907,15,Safe,0.0,Safe
25.20324426408004,75.8932728483354,5,Harassment,0.930684998181718,Risky
25.14123391106783,75.88660638895004,7,Assault,0.923257169345139,Risky
25.13818249672071,75.80452186701062,17,Harassment,0.9594632668197772,Risky
25.138340450985343,75.80263669744973,11,Safe,0.0,Safe
25.150424224295953,75.83764633668781,14,Assault,0.6261205100866808,Risky
25.172475643163224,75.8810553330782,8,Robbery,0.8775209643731392,Risky
25.16319450186421,75.8987276129315,12,Robbery,0.73026974863707,Risky
25.149122914019806,75.81504168911034,14,Safe,0.0,Safe
25.18118528947224,75.85941307153522,9,Theft,0.9209992764450308,Risky
25.133949386065204,75.8380890856631,15,Safe,0.0,Safe
25.14921446485352,75.89699143978146,6,Safe,0.0,Safe
25.15663618432937,75.88421189231357,16,Theft,0.8642453385808067,Risky
25.165606998421705,75.88383287047112,22,Assault,0.8882237232498623,Risky
25.1985175961393,75.8468693159795,20,Safe,0.0,Safe
25.139967378215836,75.84148195023377,21,Theft,0.8280809188405358,Risky
25.171423443841363,75.82734070719307,6,Safe,0.0,Safe
25.179241456886203,75.8056375496651,13,Harassment,0.5887143847348535,Risky
25.124645041272,75.88647223762551,14,Assault,0.7725134594484692,Risky
25.180754485190143,75.881290100913,20,Safe,0.0,Safe
25.13705241236873,75.89997176732862,6,Harassment,0.992334869762254,Risky
25.126505159298528,75.8996636837074,8,Harassment,0.9686940332485594,Risky
25.21488855372533,75.85554317056027,18,Harassment,0.5215868678985058,Risky
25.216563203307455,75.87689874151806,15,Harassment,0.5824074078647186,Risky
25.200839734811645,75.89447657298825,7,Theft,0.565864386727281,Risky
25.150461376917338,75.88496473906774,17,Harassment,0.8629899549926477,Risky
25.12976721140064,75.82473481017432,22,Safe,0.0,Safe
25.188423302651216,75.84505441353102,17,Assault,0.9088926649284725,Risky
25.16401524937396,75.81291594151514,19,Robbery,0.606755683155336,Risky
25.132203823484478,75.89540510272587,6,Assault,0.7529263464759145,Risky
25.169517691011126,75.8606174634451,2,Safe,0.0,Safe
25.123438852111523,75.82286428055035,17,Theft,0.9203515140056,Risky
25.210932040207876,75.86717006844059,9,Safe,0.0,Safe
25.145877998160003,75.86181282404578,6,Harassment,0.8664007723831253,Risky
25.186252228435396,75.83581627180328,16,Assault,0.7711186027459241,Risky
25.151171107608942,75.81135575921996,13,Theft,0.7951738452293864,Risky
25.17200680211778,75.86715731955928,23,Theft,0.75418027345814,Risky
25.174671027934327,75.85203077009038,2,Harassment,0.6487742256594102,Risky
25.138485445552554,75.87723183917356,11,Assault,0.782510996429508,Risky
25.216958462776454,75.8520163501112,12,Safe,0.0,Safe
25.19751328233611,75.88521815003186,1,Harassment,0.8444426510250453,Risky
25.213949894156418,75.85519068387745,2,Assault,0.9366614579304038,Risky
25.209482735042766,75.85609379715353,4,Robbery,0.818145676989624,Risky
25.17978999788111,75.88766536026584,10,Safe,0.0,Safe
25.21218742350231,75.84034828662124,7,Theft,0.880560768521579,Risky
25.128849250205192,75.81340152284507,22,Theft,0.5800358174772865,Risky
25.139598286241917,75.80287826763133,22,Theft,0.730778737209895,Risky
25.124522728891055,75.87551372556736,11,Safe,0.0,Safe
25.152533033076327,75.86203095513535,6,Robbery,0.5046658099135466,Risky
25.15886772896895,75.87040797680993,14,Harassment,0.6233394322608115,Risky
25.14713490317739,75.82129641615089,23,Safe,0.0,Safe
25.20287375091519,75.81363714755868,16,Safe,0.0,Safe
25.155675332669357,75.80145446656678,3,Harassment,0.8632308575565024,Risky
25.148093450968737,75.83505875588067,21,Safe,0.0,Safe
25.174269608315825,75.85899176868547,12,Assault,0.9959049756746817,Risky
25.134092422497478,75.83922440450998,17,Theft,0.549589049793608,Risky
25.200219698075404,75.84374749220237,0,Assault,0.7007471579306441,Risky
25.12745506436798,75.89041586944938,15,Theft,0.9000354843495797,Risky
25.218688693660052,75.83482554670233,12,Harassment,0.6020178173144495,Risky
25.197224476929666,75.85139894891599,9,Safe,0.0,Safe
25.139871568153417,75.87836530127412,11,Theft,0.7775424746511431,Risky
25.12055221171236,75.83965427823213,1,Theft,0.8665356480148374,Risky
25.201546142845483,75.8622086700228,22,Harassment,0.8079927251300896,Risky
25.19068573438476,75.88623637087468,2,Safe,0.0,Safe
25.192900716804097,75.89495206236577,9,Assault,0.594012367307708,Risky
25.197127034668593,75.8147073480929,1,Harassment,0.6776922843428697,Risky
25.12740446517341,75.89265876251615,22,Theft,0.8918958922426986,Risky
25.15584657285443,75.84921162930796,12,Theft,0.7771132570660083,Risky
25.131586905952513,75.8258244388299,12,Safe,0.0,Safe
25.206310342587557,75.84591357562383,17,Safe,0.0,Safe
25.182329812682756,75.89800325752856,2,Theft,0.5026148067714564,Risky
25.153089802485265,75.8492618093993,6,Safe,0.0,Safe
25.126355835028605,75.83287516102875,13,Robbery,0.8804953800140469,Risky
25.151098232171567,75.86334008543167,19,Safe,0.0,Safe
25.152518332202675,75.82401456187782,16,Harassment,0.5176556774701195,Risky
25.192960617833805,75.80758633281087,20,Harassment,0.8728668913656161,Risky
25.18375574713552,75.81288797219106,11,Harassment,0.6012402800826186,Risky
25.20872127425763,75.81280458389577,15,Robbery,0.9790367400596901,Risky
25.167221492516195,75.81519026935123,23,Theft,0.6839703756510422,Risky
25.13195942459383,75.81388271726495,11,Theft,0.6634658081690396,Risky
25.1913244787223,75.86408747448033,14,Assault,0.5744440251662224,Risky
25.19607850486169,75.81818800843992,9,Safe,0.0,Safe
25.17612771975695,75.83456672833239,6,Assault,0.6528021077451074,Risky
25.197096717995457,75.88967884099061,19,Robbery,0.9383253809141003,Risky
25.16937955963644,75.84739616402629,4,Safe,0.0,Safe
25.1722732829382,75.8667557738521,0,Theft,0.9981671688136237,Risky
25.162754101835855,75.81723198712017,16,Robbery,0.6841547652534241,Risky
25.12254191267441,75.81922890188086,2,Harassment,0.7243053154772713,Risky
25.13078914269933,75.80408686162664,12,Safe,0.0,Safe
25.123142918568675,75.81689350630721,13,Theft,0.8610354691013685,Risky
25.18364104112638,75.8278590339032,23,Robbery,0.9430978902325373,Risky
25.151435598107632,75.81770104842768,17,Safe,0.0,Safe
25.17085706911647,75.8088702533757,3,Safe,0.0,Safe
25.210756647392607,75.81206358711006,17,Robbery,0.7965221670933921,Risky
25.14492922291489,75.84607787680328,4,Harassment,0.6957628490889147,Risky
25.161038292303562,75.82063337184057,15,Robbery,0.7063109204243119,Risky
25.195555113854304,75.83642698610481,0,Safe,0.0,Safe
25.14287981654916,75.85034172708549,20,Harassment,0.8478090732484034,Risky
25.12769799098288,75.86903948286295,13,Theft,0.5016091318021394,Risky
25.148975145291377,75.80393121398411,14,Safe,0.0,Safe
25.1361221287254,75.87994103989091,8,Robbery,0.8097946687299203,Risky
25.212969765234256,75.8627900389491,14,Robbery,0.6777465052206787,Risky
25.200812037956442,75.80817590319488,16,Assault,0.8970986656385421,Risky
25.183340375651042,75.88735786241068,23,Robbery,0.5464953199115661,Risky
25.207146059018772,75.89208724005319,3,Harassment,0.7941011334741952,Risky
25.20036720768991,75.80610779598548,11,Robbery,0.7404864449430619,Risky
25.138657005888604,75.82768776481473,4,Theft,0.8211627629526137,Risky
25.209255899848998,75.88062012797931,4,Robbery,0.5324267972414842,Risky
25.173934224191566,75.87482596903837,10,Safe,0.0,Safe
25.200744015516406,75.81845210193563,5,Theft,0.7899918937140656,Risky
25.209609129992348,75.82093493233367,6,Safe,0.0,Safe
25.151800347497186,75.83704721027914,23,Harassment,0.7807422939797619,Risky
25.13100519245277,75.8484522985191,13,Safe,0.0,Safe
25.142793516254194,75.86182547715303,23,Safe,0.0,Safe
25.162710778862625,75.83689136395698,10,Harassment,0.7803300472080854,Risky
25.201801476592248,75.84625347161331,12,Safe,0.0,Safe
25.206073058325632,75.87474709381338,1,Safe,0.0,Safe
25.12069521305312,75.80366832028906,6,Harassment,0.8017438332982274,Risky
25.171074730257757,75.8252436944344,19,Assault,0.8382339686131811,Risky
25.161741100314877,75.87133495858846,3,Robbery,0.9024944998403849,Risky
25.142210781047073,75.88952068376872,7,Safe,0.0,Safe
25.13198653673337,75.85116774421157,19,Safe,0.0,Safe
25.153761517140364,75.85321134852653,21,Safe,0.0,Safe
25.21429097039125,75.81071720113398,20,Harassment,0.6349103600641072,Risky
25.152320293202077,75.84474123668235,18,Safe,0.0,Safe
25.171879062174337,75.8532617266455,12,Theft,0.912524705090031,Risky
25.19030189588952,75.82424705036347,13,Harassment,0.7491278411317268,Risky
25.156362960237928,75.82692432309494,9,Theft,0.5385291395671656,Risky
25.217178208272095,75.83772841631047,10,Assault,0.5292754646219896,Risky
25.21624472949421,75.80200711977777,1,Harassment,0.6671191593480303,Risky
25.145178229582537,75.83220791655832,8,Harassment,0.8924484885557338,Risky
25.169724850589237,75.82114480069966,16,Robbery,0.8538404673704578,Risky
25.150087830981676,75.83274973521779,2,Harassment,0.8943074823362032,Risky
25.148484049437748,75.81197621318192,23,Harassment,0.7586345282208047,Risky
25.123688694735453,75.88905272807399,5,Assault,0.7200994989777453,Risky
25.180956433397988,75.8593592453554,4,Harassment,0.5737262633531419,Risky
25.170267902322887,75.86791023191445,4,Assault,0.6640963768046557,Risky
25.125147875125,75.87891712386073,21,Theft,0.7170096830869377,Risky
25.147864646423663,75.8498442198929,14,Robbery,0.5443002148398086,Risky
25.210826588596664,75.80869202880874,22,Robbery,0.6103059763556056,Risky
25.1439561890667,75.85371065418185,16,Robbery,0.7991126470318695,Risky
25.134489487209123,75.85868411180209,8,Harassment,0.8678315571195949,Risky
25.168945276027756,75.87454394741843,2,Harassment,0.9991737556964748,Risky
25.218565045411058,75.84316595462298,19,Safe,0.0,Safe
25.14420552715115,75.81275803027955,16,Harassment,0.9665566656717788,Risky
25.187213554740588,75.82837759057988,9,Harassment,0.8212825997675958,Risky
25.196161961532873,75.83630822963987,2,Theft,0.7106240266470361,Risky
25.14376375439924,75.86459172413316,17,Assault,0.8180886823541164,Risky
25.192821634861186,75.85707783046689,17,Harassment,0.892825809040116,Risky
25.156778313271925,75.83560967258978,16,Harassment,0.5591680954616937,Risky
25.18323058305936,75.8986515248793,23,Harassment,0.7049524448481441,Risky
25.18335297107609,75.86057748193569,2,Harassment,0.9199011428178085,Risky
25.173577468407476,75.8237226791736,2,Robbery,0.691916475966522,Risky
25.12902897700544,75.81017824726204,5,Safe,0.0,Safe
25.203530249558924,75.81528591391843,12,Safe,0.0,Safe
25.152078006497174,75.82459577283845,23,Safe,0.0,Safe
25.138651851039985,75.81606813732596,14,Safe,0.0,Safe
25.124077514155477,75.81865670240514,8,Theft,0.7859361356135932,Risky
25.179089294318825,75.82850951686939,3,Theft,0.793884680431099,Risky
25.187756436184227,75.81733735952947,13,Theft,0.5922381265668197,Risky
25.121658782892787,75.88967654246265,4,Robbery,0.6811177208261442,Risky
25.17120930582993,75.80802337456616,1,Safe,0.0,Safe
25.142649577519794,75.85245113895702,10,Assault,0.6672556443709661,Risky
25.184517279040943,75.84103968269896,8,Safe,0.0,Safe
25.1374366429005,75.89823786169086,23,Theft,0.5130983542660323,Risky
25.189093773810246,75.8112038902168,2,Safe,0.0,Safe
25.158673534630054,75.83978555990457,8,Harassment,0.5120958819456776,Risky
25.213672998873673,75.89694704332754,2,Theft,0.9158485218378867,Risky
25.1337520944146,75.8865507125894,1,Harassment,0.6365354049864063,Risky
25.154106635105027,75.88170720709493,11,Assault,0.7590393831194078,Risky
25.13134735212406,75.82579028270449,9,Assault,0.6493627867943865,Risky
25.212469361827857,75.817088758739,8,Assault,0.9703396225576703,Risky
25.207733935338098,75.86686432199245,14,Safe,0.0,Safe
25.145794162771516,75.89293759891277,7,Harassment,0.6296483794328869,Risky
25.185998404603417,75.8556762893014,4,Assault,0.7148284063694675,Risky
25.20172222002012,75.857161268947,10,Robbery,0.9363651252423009,Risky
25.175520081159945,75.82799790936603,1,Safe,0.0,Safe
25.1729650578356,75.8769492933192,23,Assault,0.9209667833959043,Risky
25.144185229090045,75.81870437485576,14,Harassment,0.5930507089231387,Risky
25.12931027678059,75.83236792364042,5,Theft,0.9013216548978552,Risky
25.20972157579533,75.84254364386165,7,Theft,0.7290934433689463,Risky
25.210041805716333,75.85076103786845,4,Robbery,0.7414844360426776,Risky
25.183310145727326,75.8242409732415,15,Theft,0.5667399862079718,Risky
25.15390297910487,75.81148368247392,17,Harassment,0.5403007568785623,Risky
25.154920957461265,75.86106200424416,5,Safe,0.0,Safe
25.19259556788702,75.82886305532402,4,Theft,0.8639696534868826,Risky
25.209711025995258,75.85812382214226,15,Harassment,0.7482305761776499,Risky
25.20870864242651,75.81543627152742,12,Assault,0.7184253513075898,Risky
25.19798755458576,75.84811401018548,4,Safe,0.0,Safe
25.18420316461543,75.85325894325516,12,Harassment,0.8647541143261983,Risky
25.128413996499507,75.80518235368224,16,Safe,0.0,Safe
25.13616287140946,75.8336604278194,17,Harassment,0.8827564494955549,Risky
25.209855418852708,75.81344146769389,7,Theft,0.5794540838346768,Risky
25.180642905965957,75.80633749704728,12,Robbery,0.8051125747388206,Risky
25.120919705161665,75.898996023239,18,Safe,0.0,Safe
25.130147154286604,75.83223538449747,2,Robbery,0.5676770411388428,Risky
25.186350176910807,75.88098744458547,23,Safe,0.0,Safe
25.12050615838462,75.82546406547638,7,Safe,0.0,Safe
25.136080805141752,75.8681502722224,1,Assault,0.8756875430145228,Risky
25.17487337893666,75.87602278598897,7,Assault,0.8284775781335698,Risky
25.18918951976927,75.85956387406078,12,Robbery,0.978307310541729,Risky
25.18519612595026,75.84715761885502,12,Harassment,0.5344790081782106,Risky
25.142426930946055,75.84118409141473,0,Safe,0.0,Safe
25.191217922134754,75.8348868266543,5,Safe,0.0,Safe
25.14372490874968,75.89295291442478,23,Harassment,0.5285273605756271,Risky
25.152539969815926,75.88306194077877,18,Assault,0.6410935373466,Risky
25.194649140511803,75.89650269106666,15,Safe,0.0,Safe
25.184963289904722,75.81242972234855,7,Assault,0.630852841867953,Risky
25.204922341049418,75.87308674752036,0,Safe,0.0,Safe
25.185761289230033,75.89383404568211,15,Harassment,0.6234893995359999,Risky
25.176830860333546,75.81812330661657,8,Robbery,0.9531272902605183,Risky
25.12936747678281,75.80664962673667,12,Theft,0.624773099924753,Risky
25.156771580305943,75.87411206492901,10,Robbery,0.6359748630643155,Risky
25.146520236768172,75.857447311318,12,Harassment,0.8796991312089819,Risky
25.14439896433791,75.88418287767583,20,Harassment,0.72486992122527,Risky
25.217301055475243,75.81397723766263,9,Theft,0.8883552784775905,Risky
25.159309772466678,75.87952673118599,3,Safe,0.0,Safe
25.20920465551771,75.82016273200477,5,Safe,0.0,Safe
25.183113862599726,75.81636559428657,6,Assault,0.5326830787821926,Risky
25.199481130354165,75.8164265797931,4,Theft,0.7437855968366922,Risky
25.170263709310518,75.88145747202314,10,Theft,0.5168068000916413,Risky
25.177690388462636,75.86651972206963,12,Robbery,0.5313266017276772,Risky
25.169251769381887,75.85230654247691,18,Robbery,0.9532187266722054,Risky
25.139524298779804,75.83588304841236,22,Harassment,0.5696226855587976,Risky
25.19224521152615,75.88772005408131,9,Assault,0.7662103411376086,Risky
25.148077236244085,75.83924451074226,9,Harassment,0.7055478013003533,Risky
25.122431596643146,75.88165994394716,10,Harassment,0.6736716631294213,Risky
25.184547229590716,75.84391349085702,20,Harassment,0.9499166728436362,Risky
25.137711067940707,75.83769444294249,6,Safe,0.0,Safe
25.21404585843529,75.84626797856696,17,Theft,0.5109116983877448,Risky
25.21539285770026,75.83013778741642,3,Robbery,0.8318948430877946,Risky
25.211486439022043,75.87476093801763,1,Harassment,0.9816972171067753,Risky
25.157015870025546,75.85027203900925,13,Harassment,0.780084091730921,Risky
25.12154566165289,75.82322126951468,12,Safe,0.0,Safe
25.21283185625877,75.88995745732745,11,Robbery,0.9684112310165459,Risky
25.162818414831733,75.83838912213731,6,Safe,0.0,Safe
25.216665481904364,75.8543552861114,1,Theft,0.5261289396430119,Risky
25.216361997708923,75.89064721109646,12,Theft,0.7093966595370806,Risky
25.205300945546735,75.8624237995914,13,Safe,0.0,Safe
25.149444889206958,75.81168980407084,16,Harassment,0.6300788954810256,Risky
25.158509772860192,75.89398321236135,8,Assault,0.8654104824903649,Risky
25.205113667151686,75.86277080530715,16,Theft,0.9906485452486233,Risky
25.15169220051563,75.83349056146571,7,Theft,0.6282650312221238,Risky
25.13694927466861,75.81392720726633,1,Safe,0.0,Safe
25.175680126245833,75.87940251892704,23,Theft,0.8270873007370372,Risky
25.213615477416077,75.86200727559286,12,Assault,0.5990488163798701,Risky
25.189602979667498,75.85334610919763,2,Assault,0.782665127285805,Risky
25.177006117008936,75.8893892583051,15,Harassment,0.731966243344168,Risky
25.129717649377078,75.87885972112245,5,Theft,0.9860026648157685,Risky
25.181500722669917,75.81516748797327,18,Harassment,0.8042636363482333,Risky
25.219005385010426,75.83117220677956,6,Theft,0.6747531860434094,Risky
25.13400840152365,75.82484891398144,9,Safe,0.0,Safe
25.171832965236373,75.87439462925727,8,Assault,0.5570478924439667,Risky
25.207737307192794,75.80335324347358,1,Harassment,0.5756234143674672,Risky
25.19407686177542,75.85698896848713,14,Safe,0.0,Safe
25.189701574099526,75.87624586857407,4,Robbery,0.6126584649756175,Risky
25.19024840839871,75.88767656367618,21,Harassment,0.625483330670149,Risky
25.155949115121977,75.83420817487159,3,Assault,0.9253080289205688,Risky
25.14935918442645,75.88212573046721,19,Assault,0.7806113941412625,Risky
25.20093611554785,75.81106317369552,3,Robbery,0.7616954556871832,Risky
25.201011339467918,75.88464522917346,17,Safe,0.0,Safe
25.206707231858008,75.81274886623319,3,Robbery,0.5573844359346087,Risky
25.211324055255645,75.83972872905603,16,Harassment,0.9300698466747175,Risky
25.171134239886094,75.87972953657795,11,Safe,0.0,Safe
25.17015162946872,75.81499174273488,21,Harassment,0.8614071516042419,Risky
25.199829517896678,75.82292513952326,16,Theft,0.5338341809500008,Risky
25.184996393077775,75.87222525683931,9,Harassment,0.8539175486148843,Risky
25.19019668772577,75.87200365365462,21,Safe,0.0,Safe
25.19957926694361,75.86411476328853,0,Theft,0.771769108671323,Risky
25.209000534181754,75.86939484444672,21,Robbery,0.5408626728733892,Risky
25.153799515685154,75.85427244433477,23,Assault,0.7291503207643282,Risky
25.157558295263996,75.82517990589069,17,Harassment,0.7423481435650234,Risky
25.129398193984088,75.83456959935039,17,Theft,0.5828872700816379,Risky
25.177828014099617,75.81815977168014,13,Harassment,0.9728490735001412,Risky
25.123594227379677,75.89084505613337,14,Safe,0.0,Safe
25.166559801813246,75.85833917947662,11,Assault,0.924987685740331,Risky
25.174264463470756,75.84008514167637,3,Robbery,0.8345111686645541,Risky
25.14865412521283,75.84620058036441,2,Safe,0.0,Safe
25.1790833260569,75.89472833396118,19,Safe,0.0,Safe
25.123050024993905,75.8153351403116,11,Assault,0.7311477805003036,Risky
25.123734818874922,75.85862298320168,6,Harassment,0.7058827707922543,Risky
25.202260056065963,75.85058886788845,10,Theft,0.8254867335754771,Risky
25.156019064141127,75.86114542354346,0,Safe,0.0,Safe
25.13270605126519,75.80181101838208,5,Safe,0.0,Safe
25.17222432600548,75.88721239089442,14,Harassment,0.7727159347034527,Risky
25.19699935530986,75.89321182824837,14,Safe,0.0,Safe
25.141582102749684,75.85651331835892,18,Harassment,0.5311365529409429,Risky
25.1822890475819,75.8696650823877,10,Robbery,0.7562513243851658,Risky
25.128534746499376,75.89224993811773,22,Theft,0.9032018086164197,Risky
25.12516817211686,75.87072386343134,1,Safe,0.0,Safe
25.173135463156814,75.81525390429142,13,Theft,0.729619938798479,Risky
25.17406351216101,75.85762883601669,1,Safe,0.0,Safe
25.18374299014982,75.86067150463829,3,Safe,0.0,Safe
25.192609133372265,75.84241306713024,16,Safe,0.0,Safe
25.217585207946254,75.87364442356248,2,Theft,0.5259782887771343,Risky
25.17163003483012,75.8934367014769,12,Assault,0.8931390996920165,Risky
25.152295647294125,75.89255685129068,8,Assault,0.6006818910679872,Risky
25.19951861947687,75.84508393714042,6,Harassment,0.6293104174440194,Risky
25.14708322512621,75.81132380458408,14,Theft,0.582353176716148,Risky
25.163897142070564,75.89848411989624,22,Safe,0.0,Safe
25.12784563813423,75.8838898086446,10,Harassment,0.6651075324357487,Risky
25.122535074341545,75.81246626812033,19,Assault,0.8783757528443175,Risky
25.21626484146779,75.89208418826175,1,Harassment,0.7596929297519687,Risky
25.20359801205122,75.88698963620622,14,Harassment,0.6024406370753563,Risky
25.18959742060937,75.8518838057126,13,Robbery,0.9389150390760204,Risky
25.160895294441428,75.8591275435745,19,Harassment,0.9397909274757645,Risky
25.137329432007085,75.83990027038702,21,Safe,0.0,Safe
25.13564370426711,75.8054761638822,10,Harassment,0.9352892125230035,Risky
25.14502428981646,75.83351972416459,2,Safe,0.0,Safe
25.17492266647061,75.8802853448598,16,Safe,0.0,Safe
25.191459592270007,75.80046320230046,11,Assault,0.6193981056907696,Risky
25.186019737671774,75.83334991716912,23,Safe,0.0,Safe
25.147993389694594,75.8398168693591,20,Theft,0.725619672090494,Risky
25.215486528066318,75.85373956029379,14,Safe,0.0,Safe
25.193789691669576,75.89198556164128,15,Harassment,0.9924948280704375,Risky
25.17543540525114,75.8346345994366,4,Safe,0.0,Safe
25.181172074623436,75.83469532018962,19,Safe,0.0,Safe
25.16196000624278,75.87375012481098,5,Safe,0.0,Safe
25.144773098950115,75.84522179408899,18,Safe,0.0,Safe
25.155597267865126,75.82246048229399,4,Assault,0.8860062381549951,Risky
25.195784611046435,75.84524395161327,2,Theft,0.5135837106127799,Risky
25.121439348862978,75.81408570203797,0,Harassment,0.5326022956302461,Risky
25.131607264050693,75.81763869865063,5,Theft,0.7319656884061664,Risky
25.124600264202176,75.84983677727395,14,Robbery,0.9546101029307801,Risky
25.124072880231896,75.84189254495045,1,Assault,0.7693508989763571,Risky
25.2055460584011,75.89148459010681,2,Safe,0.0,Safe
25.190365785938003,75.83623938991167,16,Robbery,0.7489062540171452,Risky
25.16741738290873,75.8580588350278,23,Safe,0.0,Safe
25.129783416065102,75.86322642879196,11,Theft,0.5527368499783153,Risky
25.169161587511685,75.80130944565883,17,Safe,0.0,Safe
25.167347177078057,75.86635373720168,14,Safe,0.0,Safe
25.137320186991,75.81780359668697,11,Harassment,0.828390052362147,Risky
25.1633851649238,75.89610703174695,15,Robbery,0.9110515803001127,Risky
25.159850473439736,75.8148662727753,7,Safe,0.0,Safe
25.18158500980522,75.8414624123727,13,Theft,0.6902100037537812,Risky
25.183509365086763,75.80853496680787,16,Harassment,0.8878059254626638,Risky
25.124530400977207,75.8996874251846,20,Harassment,0.9822383269504058,Risky
25.157461261462647,75.85021950103312,7,Theft,0.6018832295638445,Risky
25.182585991571422,75.859538501732,14,Harassment,0.7616648155973706,Risky
25.170313625858007,75.80670764773885,13,Theft,0.6435689790422878,Risky
25.20564898411883,75.87499604703991,17,Theft,0.8964272095169197,Risky
25.185869363161896,75.82099055930956,19,Theft,0.7887966829405788,Risky
25.136293442708144,75.88980542894407,6,Safe,0.0,Safe
25.127056874740045,75.8205139640482,2,Harassment,0.8172912087751518,Risky
25.184241927820633,75.81906877206636,11,Safe,0.0,Safe
25.122651131054162,75.8036549667848,20,Harassment,0.898957079807947,Risky
25.178577558127348,75.847206694511,23,Assault,0.6979852363312274,Risky
25.214023024142495,75.85648411332626,2,Harassment,0.9575450342035217,Risky
25.177547417787586,75.80657086394284,19,Harassment,0.76651443362307,Risky
25.158816992620654,75.8775527616695,13,Theft,0.578977411417674,Risky
25.184328821844236,75.8453288834748,14,Robbery,0.8479495590844013,Risky
25.165825289049153,75.85243902693276,13,Assault,0.8966306752191272,Risky
25.174561678931592,75.84407627469382,6,Robbery,0.6583808385337633,Risky
25.214146480877652,75.84007630608754,16,Robbery,0.9285896284993764,Risky
25.158610263780076,75.85596403313082,11,Theft,0.9530716273828832,Risky
25.21611905638239,75.81552402459307,19,Theft,0.6384522436889044,Risky
25.210535064195607,75.81819281304952,3,Safe,0.0,Safe
25.13957911347893,75.88617856210135,8,Harassment,0.9917607363576111,Risky
25.12693613008752,75.89461154621337,5,Theft,0.5703557640243793,Risky
25.130077800137745,75.83733093162797,15,Safe,0.0,Safe
25.121822182565158,75.82707446731436,21,Theft,0.601007834201245,Risky
25.129444296075594,75.8643999543239,21,Robbery,0.5921124196190131,Risky
25.188300677341637,75.8408734171098,20,Safe,0.0,Safe
25.127118864846025,75.80253863556604,20,Assault,0.9469948550039352,Risky
25.151897563029376,75.81561525973662,1,Theft,0.8271462761624809,Risky
25.204487531096945,75.87159722288474,23,Theft,0.5760521416111364,Risky
25.122327193573582,75.86589239419102,7,Assault,0.7201617091841745,Risky
25.201446848258893,75.80270959925035,10,Theft,0.807649012534901,Risky
25.14818547747734,75.82219721619329,12,Robbery,0.5417320424946916,Risky
25.131816482762165,75.8231074796588,16,Theft,0.9412081842036694,Risky
25.189673716536415,75.86718927435987,7,Harassment,0.9018017677207676,Risky
25.18289428467799,75.80197105377543,20,Safe,0.0,Safe
25.207747201352703,75.81041085819845,17,Safe,0.0,Safe
25.193507104380387,75.87999160853732,17,Robbery,0.7526033867883191,Risky
25.200348093038485,75.81785446620543,13,Assault,0.9835633076295852,Risky
25.148203457257132,75.86527461078519,14,Robbery,0.7088804896375498,Risky
25.137743954377974,75.82381827810467,5,Harassment,0.992055159518249,Risky
25.195061475164085,75.80994413927593,10,Harassment,0.8339599994018135,Risky
25.200683473926727,75.82431721909994,12,Theft,0.8173356366269707,Risky
25.219050514200067,75.87222669318557,0,Safe,0.0,Safe
25.161261767691144,75.88556964681064,5,Harassment,0.5829774476478925,Risky
25.157201808579277,75.8830219864567,8,Theft,0.940963879152322,Risky
25.1976412960742,75.83971835296185,7,Harassment,0.7137448439603076,Risky
25.154080354025304,75.86680851365706,10,Harassment,0.5811167028912396,Risky
25.213075732560355,75.82049842954159,21,Safe,0.0,Safe
25.2058412751843,75.8293147730261,18,Safe,0.0,Safe
25.1628994027375,75.88963358185212,23,Safe,0.0,Safe
25.195087106779148,75.80130019235106,8,Theft,0.5063037599878795,Risky
25.195454287408467,75.80855085308545,16,Harassment,0.7798778418191913,Risky
25.130312386883595,75.8207886255146,11,Harassment,0.7636998110613382,Risky
25.210255290667956,75.80265322038738,13,Theft,0.8596768111845793,Risky
25.170525237244785,75.81814354350898,14,Assault,0.9451290265089011,Risky
25.202645746610774,75.85830415609698,15,Safe,0.0,Safe
25.15200496010306,75.84214245505925,21,Theft,0.5397032923215148,Risky
25.209552322849618,75.8892671711077,21,Harassment,0.8657482451701812,Risky
25.158920167873415,75.88174435617385,19,Assault,0.5937059720487912,Risky
25.121083765148033,75.83418173516979,0,Theft,0.929088526578582,Risky
25.210538197641924,75.82594234334313,9,Assault,0.9095317569308281,Risky
25.129128667678614,75.83796924081673,7,Safe,0.0,Safe
25.15193136375904,75.85902949425149,17,Safe,0.0,Safe
25.21500619670508,75.82680636408229,0,Safe,0.0,Safe
25.215060714693756,75.86241489078492,1,Harassment,0.7703968774927722,Risky
25.17734378881233,75.84094116521912,0,Theft,0.8551213993116558,Risky
25.18318372121698,75.8552047180852,0,Harassment,0.6571750565918741,Risky
25.16484455219783,75.84361265291354,8,Harassment,0.7355839494664074,Risky
25.149321077169805,75.8294465759542,12,Safe,0.0,Safe
25.15286645453699,75.89484533069623,0,Theft,0.9108184488552358,Risky
25.187251845607705,75.87636057941597,12,Harassment,0.729632598586607,Risky
25.19523745294377,75.81401131757664,19,Theft,0.678899132662721,Risky
25.199157904372584,75.8868467975898,21,Assault,0.74710622362515,Risky
25.198961814279453,75.84874311982496,6,Safe,0.0,Safe
25.12912061030487,75.88945522268942,1,Harassment,0.9141246262186091,Risky
25.169442030470258,75.87998552559473,5,Harassment,0.6676040236854364,Risky
25.125755876001666,75.84252135044693,6,Harassment,0.586880796567872,Risky
25.174952888232372,75.80224693083201,13,Harassment,0.8560070101653904,Risky
25.164153050137337,75.82686773593849,17,Safe,0.0,Safe
25.20877041827583,75.85416342146608,14,Safe,0.0,Safe
25.155091501255207,75.86334782198261,1,Safe,0.0,Safe
25.131706701642763,75.82578876854332,9,Safe,0.0,Safe
25.134299168205285,75.81393560740727,22,Assault,0.912989106354041,Risky
25.196151063171747,75.88349302367993,11,Robbery,0.5503187392617667,Risky
25.181821806331627,75.89844021807036,16,Harassment,0.6199370563779724,Risky
25.13011226761228,75.85256901823027,7,Assault,0.570985994880497,Risky
25.128410680611502,75.81716792858482,10,Safe,0.0,Safe
25.19009691314591,75.82723073265194,2,Theft,0.6739707057910833,Risky
25.12727630063642,75.80183906765474,5,Safe,0.0,Safe
25.202186005929036,75.89142988065605,8,Harassment,0.7251754894527063,Risky
25.19062422271565,75.81177510828901,5,Robbery,0.8744131684816532,Risky
25.12813487806419,75.85765164755142,8,Robbery,0.8255737924408371,Risky
25.12848377140852,75.82740552206872,6,Safe,0.0,Safe
25.218663957850115,75.85541780025159,8,Robbery,0.8104642837392155,Risky
25.157427079575612,75.86514203883519,17,Robbery,0.6761874733048272,Risky
25.15706421470669,75.88297418037072,11,Theft,0.9207237765423799,Risky
25.20127995672575,75.82064212717606,7,Harassment,0.7356435836990822,Risky
25.214724857738386,75.80109958286585,7,Theft,0.9895524690075772,Risky
25.218600106382286,75.81368856300688,17,Safe,0.0,Safe
25.195337818525893,75.89000186418481,19,Harassment,0.8170710691478684,Risky
25.15762595855309,75.88738900775625,14,Robbery,0.5631323707822513,Risky
25.128350071669868,75.85974131021703,6,Theft,0.838088781037717,Risky
25.197714691592743,75.86005168604336,10,Theft,0.6625520077158495,Risky
25.17584042497358,75.86650366745462,19,Safe,0.0,Safe
25.1624222009247,75.81753712786234,15,Theft,0.8431635983430488,Risky
25.210635438509474,75.8914411945925,3,Theft,0.5348205740812029,Risky
25.131119748230617,75.84187705248921,5,Theft,0.5874407185879797,Risky
25.169262510429085,75.83831385282495,21,Safe,0.0,Safe
25.121135364476743,75.85189177052828,2,Safe,0.0,Safe
25.16686606419941,75.8046965966775,8,Harassment,0.9278686294528932,Risky
25.125630327568185,75.81662833687561,9,Assault,0.6135897785117574,Risky
25.131881791626807,75.87380336164264,13,Assault,0.9185205626214701,Risky
25.131752624677713,75.80827986679252,10,Safe,0.0,Safe
25.184921030211605,75.86031521094664,17,Robbery,0.6396380442272052,Risky
25.19460448792654,75.82453491096813,21,Theft,0.8214409550293538,Risky
25.178336876509714,75.8389295614042,11,Theft,0.8470752867549155,Risky
25.216217254847454,75.82886937367707,22,Theft,0.7563273765725265,Risky
25.15748705795237,75.8355672716465,11,Robbery,0.6526553383483656,Risky
25.148571208628187,75.87190459051843,12,Safe,0.0,Safe
25.206859912818945,75.82971217156232,12,Assault,0.6063221881855481,Risky
25.142359583851945,75.8566404640297,18,Theft,0.5165946772812131,Risky
25.21632225394406,75.84760504021992,18,Theft,0.6519732006203619,Risky
25.121215447468984,75.86636711653627,22,Safe,0.0,Safe
25.216987882670765,75.89368297393248,13,Assault,0.8265813952656416,Risky
25.124315991195058,75.87325720972103,3,Safe,0.0,Safe
25.209114311369806,75.82149403785907,12,Robbery,0.9691524092242414,Risky
25.17277011090863,75.80311831350613,7,Harassment,0.935602241131526,Risky
25.21929647961193,75.82622640442999,22,Assault,0.8830323882676513,Risky
25.12737965647354,75.85950779307002,20,Theft,0.8942236716266494,Risky
25.175385428440133,75.80514258134842,22,Robbery,0.8324924517379977,Risky
25.21693025356191,75.84963662472012,18,Safe,0.0,Safe
25.172309784417013,75.85968428489169,11,Robbery,0.6301434287830014,Risky
25.182939863813527,75.8334243890817,17,Harassment,0.9535975153529149,Risky
25.18957486889846,75.87709122037458,5,Theft,0.8353661559529171,Risky
25.165454106476776,75.81065982531338,17,Safe,0.0,Safe
25.182755808008405,75.80751377817357,18,Safe,0.0,Safe
25.17843143119231,75.87281887562037,21,Assault,0.78022031549022,Risky
25.2101158010491,75.84954913162062,4,Safe,0.0,Safe
25.12454463803415,75.86884023964278,23,Robbery,0.5554947346067405,Risky
25.148096318959222,75.84348273386037,8,Harassment,0.7235277719032127,Risky
25.215041148407654,75.82464020332391,2,Safe,0.0,Safe
25.20902637838909,75.88191023176742,9,Safe,0.0,Safe
25.16556567527857,75.87994158789691,18,Robbery,0.7301791356009631,Risky
25.182013259780152,75.86946964708545,2,Theft,0.932281804761335,Risky
25.147738118298115,75.82721451372299,21,Assault,0.7733241100938942,Risky
25.138812115972378,75.85902306668692,14,Safe,0.0,Safe
25.166369840494,75.836097389694,0,Assault,0.6902002744852048,Risky
25.155335222802606,75.80915820733266,6,Harassment,0.9884001642553297,Risky
25.178365611185086,75.89173135754623,11,Harassment,0.5553602966631579,Risky
25.1277734636965,75.8136818630919,16,Harassment,0.7112742141559723,Risky
25.217439480766615,75.89502373538208,20,Robbery,0.5210123375857026,Risky
25.21862107444796,75.8446005772958,23,Safe,0.0,Safe
